vehicle_id,vehicle_type,make_id,model_year,vehicle_desc,color,date_stolen,location_id
1,Trailer,623,2021,BST2021D,Silver,2021-11-05,102
2,"Boat Trailer",623,2021,"OUTBACK BOATS FT470",Silver,2021-12-13,105
3,"Boat Trailer",623,2021,"ASD JETSKI",Silver,2022-02-13,102
4,Trailer,623,2021,"MSC 7X4",Silver,2021-11-13,106
5,Trailer,623,2018,"D-MAX 8X5",Silver,2022-01-10,102
6,Roadbike,636,2005,YZF-R6T,Black,2021-12-31,102
7,Trailer,623,2021,"CAAR TRANSPORTER",Silver,2021-11-12,114
8,"Boat Trailer",623,2001,BOAT,Silver,2022-02-22,109
9,Trailer,514,2021,"7X4-6" 1000KG",Silver,2022-02-25,115
10,Trailer,514,2020,"8X4 TANDEM",Silver,2022-01-03,114
11,Trailer,623,2018,HOMEBUILT,Silver,2021-10-15,108
12,Trailer,538,2018,"BRENT SMITH TRAILERS",Silver,2022-02-28,102
13,Moped,629,2004,ET2,Black,2021-12-19,102
14,Moped,550,2007,TODAY,Blue,2022-01-23,102
15,Roadbike,611,2007,DL650,Black,2022-02-28,101
16,Trailer,623,2021,JOBMATE,Silver,2022-02-08,109
17,Trailer,623,2021,BSTB85B,Silver,2021-10-10,102
18,"Boat Trailer",623,2004,BOAT,White,2021-10-07,104
19,Trailer,623,2014,"DOMESTIC TRAILER",White,2022-02-24,104
20,"Boat Trailer",623,2018,"APS SEADOO",Silver,2021-11-08,114
21,Roadbike,625,2002,THUNDERBIRD,Silver,2022-02-11,101
22,Trailer,538,2000,"BRENT SMITH TRAILERS",Silver,2021-11-22,104
23,Trailer,623,2015,LOCAL,Silver,2022-01-27,114
24,"Trailer - Heavy",623,2021,"CT DIG 25",Silver,2021-11-12,102
25,Trailer,623,2018,"CHOOKS 2.4X1.6 TRANS",Silver,2021-10-08,106
26,Trailer,623,2017,"EASY TILT",Silver,2022-03-04,108
27,Trailer,623,2018,"IFOR WILLIAMS CT177",Silver,2022-02-27,103
28,Trailer,623,2018,CONDOR,Silver,2022-02-01,109
29,Trailer,623,2018,HOMEBUILT,Silver,2021-11-01,104
30,Trailer,623,2018,"PRO COMMERCIAL",Silver,2021-12-21,102
31,Trailer,623,2018,FACTORY,Grey,2022-01-03,102
32,Trailer,549,1998,TRAILER,Green,2021-10-21,114
33,"Boat Trailer",623,2017,"JFK JETSKI",Grey,2022-02-15,104
34,Trailer,623,2021,"BST 2021D",Silver,2022-01-05,102
35,Trailer,514,2021,"10X5 TANDEM",Silver,2022-04-05,114
36,Trailer,623,2018,HOMEMADE,Grey,2022-02-17,103
37,Trailer,623,2018,COMPASS-KH63,Silver,2022-02-23,102
38,Trailer,623,2018,TRAYLA,Silver,2022-01-17,109
39,"Trailer - Heavy",623,2021,PRESCOTT,Silver,2021-12-03,104
40,Trailer,549,2021,TRAILER,Black,2021-12-27,109
41,Trailer,623,2021,TRAYLA,Silver,2022-03-02,106
42,Trailer,623,2002,HOMEMADE,Silver,2022-01-02,102
43,"Boat Trailer",623,2018,BST58OR,Silver,2022-02-24,102
44,Trailer,549,2018,TRAILER,Silver,2022-02-28,114
45,Trailer,623,2014,"DOMESTIC TRAILER",Silver,2021-10-19,104
46,Moped,538,2005,"TGB PALIO",Silver,2021-11-09,106
47,"Trailer - Heavy",623,2004,TANDEM,Grey,2021-11-05,102
48,Trailer,527,2021,TRAILER,Silver,2022-03-02,102
49,Trailer,623,2021,DOMESTIC,Grey,2021-10-22,102
50,Trailer,623,2021,"M J TANDEM AXLE",Silver,2022-01-20,114
51,Trailer,514,2021,"8X4 CAGE",Silver,2021-12-07,102
52,Caravan,537,2003,"RIVIERA 482",White,2021-10-13,114
53,Roadbike,636,1995,XTZ660BG,Blue,2022-03-21,111
54,Roadbike,561,1999,NINJA,Green,2022-02-15,104
55,"Trailer - Heavy",623,2021,PRESCOTT,Silver,2022-02-06,104
56,"Trailer - Heavy",623,2000,BRIFORD,Yellow,2022-03-05,102
57,"Boat Trailer",623,2021,"ASD JETSKI",Silver,2022-02-21,102
58,Trailer,623,1997,"BRIFORD 8X4-6COVERED",Yellow,2021-11-05,105
59,Trailer,623,2021,HOMEBUILT,Black,2022-03-06,102
60,Trailer,623,1983,OLEARY,Red,2022-01-02,108
61,Trailer,623,2021,"TRAILERWORLD 9X5 HSB",Silver,2022-03-26,102
62,Trailer,623,2018,"SINGLE AXLE",Silver,2021-10-10,102
63,Moped,550,2008,"TODAY 50",Yellow,2021-12-19,104
64,Trailer,623,2018,"IFOR WILLIAMS",Black,2022-01-06,104
65,Trailer,623,2014,PRESCOTT,Silver,2022-03-24,104
66,"Boat Trailer",623,2014,SPORTLINE,Silver,2021-10-21,105
67,Hatchback,540,2006,FOCUS,Blue,2021-11-13,105
68,"Trailer - Heavy",623,2014,"TILTING FLAT DECK",Silver,2021-11-08,105
69,Trailer,623,2014,PMTRAILER,Silver,2022-01-24,114
70,"Boat Trailer",551,2014,"BOAT TRAILER",Silver,2022-04-04,103
71,Trailer,623,2014,TRAYLA,Silver,2022-02-24,107
72,Trailer,623,2014,ELITE,Silver,2022-02-04,102
73,Trailer,623,2014,"ELITE 7X4",Silver,2022-01-14,114
74,Caravan,591,1969,PIONEER,White,2021-11-27,104
75,Saloon,512,2007,323I,White,2022-03-23,102
76,Trailer,623,2015,"7 X 4 STD",Silver,2022-01-05,102
77,Trailer,623,2011,HOMEBUILT,Grey,2022-04-02,102
78,"Boat Trailer",623,2015,ENDURO,Silver,2022-01-06,104
79,Trailer,623,2015,TRAYLA,Silver,2022-02-28,106
80,Trailer,623,2015,"ELITE 8X5",Silver,2022-01-14,114
81,Trailer,623,2015,"COMPASS D105",Silver,2021-10-18,102
82,Trailer,623,2015,"DOMESTIC TRAILER",Silver,2022-03-16,103
83,"Trailer - Heavy",623,1998,TANK,White,2022-01-18,104
84,Stationwagon,507,2015,ALLROAD,Silver,2022-04-03,109
85,Trailer,623,2015,"ELITE 8X4",Silver,2022-01-04,114
86,Roadbike,629,2001,PIAGGIO,Silver,2021-12-06,102
87,Trailer,623,2015,"HELMACK 8X5",Silver,2022-01-19,114
88,Trailer,623,1984,LOCAL,Yellow,2022-03-21,102
89,Trailer,623,2015,"SINGLE AXLE",Silver,2022-03-01,103
90,"Boat Trailer",623,2008,BOAT,Silver,2022-02-22,104
91,Trailer,623,1990,HOMEBUILT,Blue,2022-01-20,104
92,Trailer,623,2000,PRESCOTT,Silver,2022-03-08,104
93,Trailer,549,1996,TRAILER,Silver,2022-03-24,102
94,Trailer,623,2018,COMPASS-C85,Silver,2022-03-18,102
95,Trailer,616,2018,"DOMESTIC TRAILER",Silver,2021-12-28,102
96,Trailer,527,1985,TANDEM,Silver,2022-01-13,102
97,Roadbike,550,2005,VT,Red,2022-03-19,102
98,Roadbike,550,2000,CBR,Blue,2022-01-31,114
99,Trailer,623,2022,HOMEBUILT,Black,2022-02-14,102
100,"Boat Trailer",623,2021,"JETSKI ACTION LAB",Grey,2021-12-30,103
101,Trailer,623,2000,HOMEBUILT,Silver,2022-01-29,106
102,Trailer,549,2022,TRAILER,Black,2022-03-12,104
103,Trailer,623,1998,"MARTIN ENGINEERING",White,2022-03-28,102
104,Trailer,623,2018,TUFF,Silver,2021-11-22,104
105,Trailer,623,1977,LOCAL,Brown,2021-12-03,104
106,"Trailer - Heavy",623,2018,"8X4 TRAYLA",Silver,2022-02-01,106
107,Trailer,623,1980,HOMEMADE,Blue,2022-03-20,111
108,"Trailer - Heavy",623,2018,NYMIC,White,2022-04-03,114
109,Trailer,623,2022,TRAILER,Silver,2022-02-09,102
110,Trailer,623,2019,TANDEM,Grey,2022-02-23,109
111,Trailer,623,2022,COMPASS-D116K,Silver,2022-03-15,106
112,Roadbike,545,2004,FXSTDI,Red,2022-01-16,102
113,Trailer,623,1967,LOCAL,Grey,2021-10-19,114
114,Caravan,519,2006,"SWIFT CHARISMA 230",White,2022-02-27,102
115,Trailer,623,2018,TANK,Silver,2022-03-29,114
116,Tractor,575,2007,FERGUSSON,Red,2022-01-23,103
117,Trailer,623,2022,BST85,Silver,2022-03-15,109
118,Roadbike,611,2003,LS650P,Black,2021-12-03,101
119,"Boat Trailer",626,2022,"JET SKI",Black,2022-03-19,102
120,Trailer,623,2022,VULCAN,Silver,2022-03-04,102
121,"Boat Trailer",549,1989,"EZ LOADER STABI CRAF",Grey,2021-10-12,114
122,"Boat Trailer",623,2017,MCLAY,Silver,2022-03-19,105
123,Trailer,623,2019,"ENSOL TANKER",Silver,2022-02-28,108
124,Roadbike,561,2008,EX,Red,2022-04-02,102
125,Moped,585,2008,"HYOSUNG SB49M",Red,2022-01-29,102
126,Trailer,623,1996,BRIFORD,Grey,2022-03-13,114
127,"Boat Trailer",623,2000,REID,Silver,2022-02-03,102
128,"Boat Trailer",549,1994,15X7,White,2022-01-01,114
129,Trailer,623,1998,KEA,Grey,2021-11-16,111
130,Trailer,623,2019,ROADCHIEF,Grey,2022-01-20,101
131,Roadbike,565,2002,EXC,Orange,2022-02-13,101
132,Trailer,623,2019,JOBMATE,Silver,2022-03-13,104
133,Trailer,623,2022,"ENSOL TANKER",Silver,2022-04-01,108
134,Trailer,623,2019,"BRAKED TANDEM",Silver,2021-12-17,104
135,Trailer,623,1980,HARENG,Grey,2021-12-31,103
136,Trailer,623,2019,HOMEBUILT,Silver,2022-03-13,115
137,Trailer,616,2019,"DOMESTIC TRAILER",Silver,2021-10-29,102
138,Trailer,623,1962,HOMEMADE,Green,2022-02-16,114
139,Trailer,623,1997,"SPACEE 2000",White,2021-11-16,107
140,Trailer,514,2018,"8X4 TANDEM TIPPER",Silver,2022-03-18,114
141,Trailer,538,2019,"BRENT SMITH TRAILERS",Silver,2021-12-30,109
142,Trailer,623,2019,TASMAN8X5TB,Silver,2021-10-10,111
143,"Boat Trailer",623,2019,MAKZ,Silver,2021-12-14,109
144,Trailer,595,2019,"ENCLOSED TRAILER",Silver,2021-10-19,102
145,Trailer,623,2019,"ELITE 8X4",Silver,2022-02-28,114
146,"Trailer - Heavy",623,2019,TRANSPORTER,Silver,2021-12-27,105
147,Trailer,623,2019,DOMESTIC,Grey,2022-03-09,102
148,Trailer,538,2015,"DOMESTIC TRAILER",Silver,2022-03-21,101
149,"Trailer - Heavy",514,2015,"TRAILER 8X4",Silver,2021-12-08,102
150,Caravan,519,2008,"XPLORE 452",White,2021-12-26,104
151,Trailer,595,2015,"BRAKED TANDEM",Silver,2022-02-18,103
152,Trailer,623,2015,HOBBS,Silver,2021-11-12,105
153,Trailer,623,2015,WILPRO,Silver,2021-11-22,104
154,"Trailer - Heavy",514,2015,TRAILER,Silver,2022-01-24,102
155,"Trailer - Heavy",514,2015,TRAILER,Silver,2022-03-08,102
156,"Trailer - Heavy",514,2015,"OTHER COMMERCIAL TRA",Silver,2022-01-06,114
157,Trailer,623,2015,"SINGLE AXLE 7X4",Silver,2022-02-19,114
158,Caravan,606,2007,"ALPINE  4T2A",White,2022-01-29,109
159,Trailer,623,2015,"FACTORY BUILT",Silver,2022-01-10,106
160,Saloon,587,1989,SKYLINE,Blue,2022-02-03,109
161,"Boat Trailer",623,2015,"YAMAHA VXR",Silver,2021-11-10,114
162,"Trailer - Heavy",514,2015,TRAILER,Silver,2021-10-12,109
163,Trailer,623,2015,ROADLINE,Silver,2021-10-30,101
164,Trailer,623,2015,TRAYLA,Silver,2022-01-13,109
165,"Trailer - Heavy",514,2015,TRAILER,Silver,2021-12-31,103
166,"Trailer - Heavy",514,2015,TRAILER,Silver,2021-12-08,102
167,Caravan,525,1972,"HALF VISTA",Red,2022-03-16,104
168,"Trailer - Heavy",623,2015,"CANTERBURY FABRICAT",White,2022-03-08,107
169,Trailer,623,2015,"4.5M FLATDECK",Silver,2022-01-28,103
170,"Trail Bike",565,2020,SFX,Orange,2021-11-08,114
171,Trailer,623,2016,"ELITE 8X4",Silver,2022-03-30,114
172,Trailer,623,2019,"ROADCHIEF 8X5",Silver,2022-03-24,115
173,Trailer,623,1998,LOCAL,Silver,2021-12-25,107
174,"Boat Trailer",623,2012,BOAT,Silver,2021-12-22,102
175,"Trailer - Heavy",623,2019,"MM INDUSTRIES",Silver,2021-10-11,102
176,Trailer,562,2019,KC85E,Silver,2022-04-01,104
177,Trailer,562,2019,KC106AB,Silver,2022-03-29,103
178,"Boat Trailer",623,2019,"BOAT TRAILER",Silver,2022-02-12,102
179,"Trailer - Heavy",562,2019,CAGE,Silver,2021-11-24,103
180,Moped,629,1963,SPORTIQUE,Cream,2021-12-07,115
181,Trailer,514,2019,5X4,Silver,2021-11-02,114
182,Trailer,623,2019,CTDIG,Silver,2021-11-22,104
183,Roadbike,611,2005,DR-Z400,Yellow,2021-10-12,114
184,Trailer,599,2019,"DOMESTIC TRAILER",Grey,2021-10-28,101
185,Trailer,549,1990,TRAILER,Blue,2022-03-19,109
186,Trailer,623,1981,HOMEMADE,Grey,2022-02-16,102
187,Trailer,623,2019,TRAYLA,Silver,2022-02-04,106
188,"Boat Trailer",513,2019,357J,Silver,2021-12-16,102
189,Trailer,623,2019,"SMASH PALACE",Silver,2022-03-07,114
190,Trailer,623,1996,"BRIFORD 5X4 SHUTTLE",White,2021-10-31,114
191,Trailer,623,2019,DIAMOND,Silver,2022-01-19,106
192,Trailer,562,2019,K844XA,Silver,2022-04-02,103
193,Trailer,623,2019,TUFF,Silver,2021-11-01,102
194,Caravan,623,2006,DMW,White,2021-12-07,102
195,"Trailer - Heavy",514,2015,TRAILER,Silver,2022-03-08,102
196,Trailer,623,1979,HOMEMADE,Green,2021-12-02,114
197,"Trailer - Heavy",623,2019,"CABLE DRUM",Silver,2022-03-13,111
198,Trailer,623,1999,LOCAL,Silver,2022-02-02,102
199,Trailer,623,1998,KING,Silver,2022-02-19,106
200,Trailer,623,2001,"HOME BUILT",Grey,2021-10-14,115
201,"Trailer - Heavy",623,2019,"IFOR WILLIAMS",Silver,2022-01-07,101
202,Trailer,623,1977,LOCAL,Orange,2021-10-25,104
203,Roadbike,625,2004,SPEEDTRIPLE,Red,2022-02-10,108
204,Trailer,623,2019,DOLY,Grey,2021-11-29,106
205,Trailer,623,2019,"SINGLE AXLE",Grey,2021-12-15,114
206,Roadbike,611,2005,GN250,Black,2022-04-02,102
207,Roadbike,550,1985,XL250,White,2022-03-27,109
208,Trailer,623,2019,ROOFLINE,Grey,2022-02-14,111
209,Trailer,623,2019,"T D ENGINEERING",Silver,2022-03-17,107
210,Trailer,623,2015,"TRADETESTED 7 X 4",Silver,2021-10-12,102
211,Trailer,623,2015,VULCAN,Silver,2021-11-01,102
212,Trailer,623,2016,"HOME MADE",Grey,2022-03-01,109
213,Caravan,504,1976,CARAVAN,White,2021-12-01,102
214,"Trailer - Heavy",597,2015,TRAILER,Silver,2021-10-11,102
215,Trailer,572,2015,"DOMESTIC TRAILER",Silver,2022-04-03,115
216,Trailer,514,2008,"TRAILER 8X4",Silver,2022-02-10,102
217,"Trailer - Heavy",623,1985,SLOAN,Blue,2022-02-22,103
218,Trailer,616,2015,7X4,Silver,2021-12-23,102
219,Trailer,623,2002,HOMEBUILT,Grey,2022-01-31,114
220,Trailer,623,2016,DOMESTIC,Silver,2021-11-22,101
221,"Boat Trailer",623,2000,JETSKI,Black,2021-12-25,103
222,Trailer,623,2016,TANDEM,Silver,2022-04-04,106
223,"Trailer - Heavy",623,2016,FURN,White,2022-01-17,104
224,Trailer,572,2016,"3X2 PLATFORM",Silver,2022-02-27,115
225,Trailer,623,2019,HOMEBUILT,Silver,2022-01-26,108
226,Trailer,623,2019,GORILLA,Silver,2022-01-25,114
227,Roadbike,611,2007,UZ,Grey,2021-12-18,102
228,Trailer,549,1990,TRAILER,Grey,2022-02-10,114
229,Caravan,525,1979,DIPLOMAT,Blue,2022-01-28,108
230,"Trailer - Heavy",623,1976,LOCAL,Silver,2022-01-22,108
231,Trailer,549,1987,TRAILER,Red,2022-03-05,115
232,Trailer,616,2019,"DOMESTIC TRAILER",Silver,2022-03-03,102
233,Trailer,623,2019,HOMEMADE,Silver,2021-12-06,108
234,Moped,594,1998,MOTORCYCLE,Blue,2021-11-06,102
235,Roadbike,611,2003,GSX250,Silver,2021-12-30,104
236,Roadbike,611,2009,VL800,Black,2022-03-31,102
237,Trailer,623,2002,"DOMESTIC TRAILER",Grey,2021-12-29,102
238,Trailer,514,2019,"8X5 TANDEM",Silver,2022-01-09,114
239,Trailer,623,2016,KEA,Silver,2021-10-14,102
240,Trailer,623,2019,TANDEM,Silver,2022-02-16,114
241,Roadbike,611,2007,VL800,Black,2022-01-17,102
242,Trailer,549,1977,"OLEARY 1 AXLE",Silver,2022-03-02,107
243,Trailer,623,2001,"DOMESTIC TRAILER",Silver,2022-01-13,108
244,"Boat Trailer",623,2019,HOMEBUILT,Silver,2021-12-15,102
245,"Boat Trailer",623,2019,BOAT,Silver,2022-01-31,101
246,Trailer,623,2019,HOMEBUILT,Black,2021-11-17,106
247,Trailer,516,2019,"8X5 TANDEM TRAILER",Silver,2021-10-18,114
248,"Boat Trailer",623,2019,BOAT,Silver,2022-03-04,102
249,Trailer,623,2019,"M J SINGLE AXLE",Silver,2022-01-24,114
250,Trailer,549,2019,"DOMESTIC TRAILER",Black,2022-01-06,102
251,Trailer,623,1940,HOMEBUILT,White,2021-11-26,115
252,Trailer,538,2019,"DOMESTIC TRAILER",Silver,2022-03-21,109
253,"Trailer - Heavy",623,2019,ROADCHIEF,Silver,2021-10-24,104
254,Trailer,623,1997,K64SE,Silver,2021-11-04,111
255,Trailer,623,1997,OLEARY,Silver,2022-04-04,108
256,"Boat Trailer",623,2001,LOCAL,Silver,2022-03-15,101
257,Trailer,623,2017,CONCEPT,Silver,2021-10-28,108
258,Trailer,616,2019,"DOMESTIC TRAILER",Silver,2022-03-25,109
259,"Boat Trailer",549,2019,"BOAT TRAILER",Silver,2021-10-29,102
260,Roadbike,636,2005,YZF-R6T,Grey,2022-02-17,102
261,Trailer,538,2019,"TRAILUX TRAILER",Silver,2022-03-31,109
262,Trailer,623,2016,"ELITE 8X4",Silver,2022-02-04,114
263,Trailer,623,2016,UTILITY,Silver,2022-03-22,102
264,"Trailer - Heavy",623,2016,"GT TRAILER",Silver,2021-10-29,114
265,Caravan,630,2016,710,White,2022-03-28,103
266,Trailer,616,2016,"8X5 SINGLE",Silver,2022-03-23,102
267,Trailer,549,2016,"HOME BUILD",Silver,2021-12-07,114
268,Trailer,549,2004,TRAILER,Blue,2022-03-20,114
269,Trailer,623,2016,"COMPASS C85",Silver,2021-12-11,103
270,"Trailer - Heavy",514,2016,TRAILER,Silver,2021-12-07,102
271,Trailer,514,2016,TRAILER,Silver,2022-01-14,114
272,"Trailer - Heavy",623,2016,"GT TRAILER",Silver,2021-10-29,102
273,Trailer,549,1960,TRAILER,White,2022-01-01,114
274,"Trailer - Heavy",623,2013,"MAINLINE TANKER",Grey,2021-11-08,102
275,"Trailer - Heavy",527,2016,TBS,Grey,2021-10-12,102
276,Trailer,623,2016,"GOUGH ENGINEERING",Silver,2022-03-25,103
277,"Trailer - Heavy",514,2016,TRAILER,Silver,2021-11-08,102
278,Trailer,623,2016,"COMPASS KH85T",Silver,2022-02-23,102
279,Trailer,514,2016,6X4,Grey,2021-12-01,102
280,Trailer,623,2016,"ELITE 8X4",Silver,2022-01-30,114
281,Saloon,576,1993,LANTIS,Blue,2022-02-14,103
282,Trailer,623,2016,TUFF,Silver,2021-11-01,102
283,"Trailer - Heavy",514,2016,TRAILER,Silver,2021-11-15,102
284,"Trailer - Heavy",514,2016,"OTHER COMMERCIAL TRA",Silver,2022-03-08,104
285,"Trailer - Heavy",514,2016,"OTHER COMMERCIAL TRA",Silver,2022-01-17,103
286,"Boat Trailer",623,2016,"AAA375 AAKRON",Silver,2022-01-29,102
287,Caravan,519,2007,"LUNA DELTA",White,2022-03-24,109
288,Trailer,623,2016,VULCAN,Silver,2021-10-31,102
289,Trailer,623,2016,TUFF,Silver,2021-10-28,104
290,"Boat Trailer",527,2016,4,Grey,2021-10-22,114
291,"Trailer - Heavy",623,2010,FLATDECK,Blue,2021-11-08,114
292,Trailer,514,2016,"TRAILER 8X4",Silver,2021-11-25,102
293,Roadbike,611,2005,"GSX 750",Blue,2022-03-26,102
294,Trailer,514,2019,8X4,Silver,2022-02-16,114
295,"Boat Trailer",635,1998,JII,Silver,2022-01-05,104
296,"Boat Trailer",623,2000,HOSKING,Silver,2021-12-26,102
297,"Boat Trailer",623,2019,"SPORTLINE 610 HT",Grey,2022-03-30,103
298,Roadbike,505,1998,PEGASO,Red,2022-04-05,115
299,Moped,636,2007,"CV50 JOG",Blue,2021-10-26,102
300,Trailer,623,2019,"HANSA CHIPPER",Green,2022-02-02,103
301,Roadbike,611,2007,GSX600F,Black,2022-03-02,101
302,Trailer,562,2020,"KEA MX4",Silver,2021-12-02,102
303,Trailer,514,1985,"SINGLE AXLE",Grey,2022-02-05,114
304,Roadbike,611,2008,GSX,Orange,2022-03-13,102
305,"Boat Trailer",623,2020,"AFC JETSKI",Silver,2021-11-15,109
306,Trailer,535,1977,RSKF1F27.9,Red,2021-11-04,102
307,"Boat Trailer",623,2020,"ASD JETSKI",Silver,2022-01-04,102
308,Caravan,508,2009,"PEGEANT S7 LOIRE",White,2021-12-19,102
309,"Boat Trailer",623,2020,JETSKI,Grey,2022-04-02,101
310,Roadbike,561,1986,"ZL 900",Red,2021-11-30,101
311,"Boat Trailer",623,2020,JETSKI,Silver,2022-03-30,103
312,Trailer,623,2020,BRI-INN,Silver,2022-03-07,114
313,Trailer,549,1989,LOCAL,Grey,2022-03-22,103
314,"Boat Trailer",623,2019,"JEYSKI ACTION LAB",Grey,2022-01-20,102
315,"Boat Trailer",527,2020,AUCKLAND,Silver,2021-10-08,102
316,Roadbike,554,2006,GV,Red,2022-03-01,105
317,"Boat Trailer",623,2020,HOMEMADE,Grey,2022-01-10,103
318,"Trailer - Heavy",514,2016,"OTHER COMMERCIAL TRA",Silver,2021-12-07,102
319,Caravan,519,1977,"CHEVRON 1300",White,2022-02-26,104
320,Trailer,623,1981,HOMEMADE,Grey,2021-11-12,106
321,Trailer,623,2020,DOMESTIC,Silver,2022-02-03,102
322,Trailer,623,2020,"DOMESTIC TRAILER",Silver,2021-11-01,108
323,Trailer,623,2020,"ELITE 8X4",Silver,2021-12-14,114
324,Trailer,623,2020,FUTURA,Grey,2022-01-13,102
325,"Boat Trailer",623,2020,DMW,Silver,2021-11-21,102
326,Trailer,623,2020,TUFF,Silver,2021-12-13,108
327,Caravan,526,2010,560,White,2021-11-30,114
328,Roadbike,611,2008,GN125H,Red,2022-01-20,111
329,Trailer,623,1996,"DOMESTIC TRAILER",Grey,2022-01-16,105
330,Trailer,562,2020,K85S,Silver,2022-04-02,104
331,Roadbike,611,2005,GS,Black,2022-03-06,102
332,Trailer,623,2012,"DOMESTIC TRAILER",Silver,2021-10-19,107
333,Trailer,623,2020,8X5,Grey,2021-10-10,111
334,Trailer,595,2012,11X5,Silver,2021-12-20,114
335,Trailer,623,2016,DOMESTIC,Silver,2022-03-30,102
336,Trailer,538,2016,"BRENT SMITH TRAILERS",Silver,2022-04-05,109
337,Trailer,616,2016,8X5,Silver,2021-10-19,104
338,Trailer,514,2016,8X4,Silver,2021-11-08,114
339,Trailer,549,2016,TRAILERWAY,Silver,2022-03-10,102
340,"Boat Trailer",597,2016,TRAILER,Silver,2021-12-14,102
341,"Light Van",619,2001,REGIUS,White,2021-10-29,102
342,Trailer,514,2016,"9X4 6 TANDEM",Silver,2022-03-17,109
343,"Trailer - Heavy",623,2016,GT,Silver,2022-02-01,102
344,"Trailer - Heavy",623,2016,"GT TRAILER",Silver,2022-03-07,104
345,Trailer,623,2016,DOMESTIC,Green,2022-01-09,101
346,Trailer,623,2007,HOMEMADE,Black,2021-10-07,103
347,Trailer,623,2016,"DOMESTIC TRAILER",Silver,2022-03-14,114
348,Caravan,519,2005,"BESSACARR CAMEO 625",White,2021-10-31,102
349,Trailer,623,2016,"TRAILER PRO",Silver,2022-04-05,114
350,Trailer,623,2016,8X4,Silver,2022-04-02,114
351,Trailer,514,2016,"8X4 TANDEM",Silver,2022-03-31,114
352,Caravan,612,2002,"BARNWELL ARCHWAY",White,2021-12-25,106
353,Trailer,623,2016,HOMEMADE,Black,2022-03-04,109
354,Trailer,616,2016,"CAR CARRIER",Silver,2021-11-03,104
355,Trailer,623,1970,LOCAL,Grey,2021-12-29,114
356,Trailer,623,2020,TRAYLA,Silver,2022-02-17,108
357,Trailer,623,2020,COMPASS-FPT104,Silver,2021-12-17,103
358,Trailer,623,2020,GIBBONS,Silver,2022-03-02,103
359,Trailer,623,2020,HOMEBUILT,Black,2022-03-03,102
360,"Trailer - Heavy",623,2020,P.S.,Grey,2022-01-07,107
361,Roadbike,611,2009,GSX650F,Blue,2022-01-19,103
362,Trailer,623,1998,"FOXENG 1000",Blue,2021-10-25,109
363,Trailer,623,2020,DOMESTIC,Grey,2022-02-27,102
364,Trailer,623,2020,TANDEM,Black,2022-03-24,104
365,Moped,611,2007,"AZ50 UDK6",Black,2022-03-15,102
366,Trailer,623,2020,COOPER,Black,2021-10-19,114
367,Trailer,616,2020,"DOMESTIC TRAILER",Silver,2022-03-28,105
368,Roadbike,545,2006,SOFTAIL,Black,2022-03-09,102
369,"Boat Trailer",549,2020,"BOX TRAILER",Silver,2022-02-03,101
370,Caravan,519,1980,ZEPHYR,White,2022-01-28,116
371,Trailer,623,2020,ROADCHEF,Silver,2022-03-08,103
372,Trailer,623,2020,TUFF,Silver,2021-10-18,102
373,Roadbike,611,2003,SV1000S,Blue,2021-12-14,102
374,Roadbike,550,1999,CBR,Red,2022-01-04,102
375,"Boat Trailer",623,1996,GIBBONS,Grey,2022-03-30,101
376,Trailer,623,2020,DOMESTIC,Grey,2021-12-13,102
377,Trailer,549,2020,TRAILER,Black,2021-10-16,115
378,Roadbike,611,2008,GSX750F,Black,2022-03-14,102
379,Roadbike,611,2009,GSX,Blue,2021-12-31,114
380,Trailer,623,2020,BOAT,Silver,2021-11-26,102
381,Trailer,549,1998,"DOMESTIC TRAILER",Grey,2022-01-12,102
382,Trailer,623,1974,PRATTLEY,Grey,2022-03-26,114
383,"Boat Trailer",623,2020,BOAT,Silver,2022-01-13,102
384,Trailer,623,2020,"JOB MATE 7 X 4",Silver,2022-01-01,105
385,Trailer,623,2020,TANDEM,Grey,2022-01-09,114
386,Trailer,506,2020,"XAS48XD ROAD COMPRES",Yellow,2022-01-06,114
387,Moped,550,2005,NVS50,Black,2021-12-17,114
388,Roadbike,545,2006,XL,Black,2022-01-13,102
389,Trailer,549,2020,TRAILER,Silver,2022-03-24,106
390,Trailer,623,1980,HOMEMADE,Grey,2022-02-22,108
391,"Boat Trailer",623,2000,MUDGWAY,Silver,2022-03-18,115
392,"Trailer - Heavy",623,2020,TPM,White,2021-11-13,114
393,Trailer,623,2020,"PRO AUTO",Silver,2022-03-07,114
394,Roadbike,611,2007,UZ,Blue,2022-01-14,102
395,Roadbike,554,2007,GT,Yellow,2021-10-09,106
396,Moped,611,2009,UZ50,Orange,2022-03-10,102
397,Trailer,623,2016,"FOXENG 850",Silver,2022-02-03,104
398,Trailer,623,2016,8X4,Silver,2021-11-14,115
399,Trailer,623,2016,"ROAD CHIEF TR74CS/1",Silver,2021-12-19,109
400,"Boat Trailer",623,1975,REID,Grey,2021-11-06,111
401,Trailer,623,2011,TANDEM,Silver,2021-12-21,101
402,Trailer,538,2017,"BRENT SMITH TRAILERS",Silver,2022-03-18,102
403,Trailer,623,2017,CAR,Black,2022-03-16,115
404,"Trailer - Heavy",623,1960,LOCAL,Grey,2022-01-21,114
405,Trailer,623,2017,"TRAILER PRO",Silver,2022-02-14,102
406,Trailer,538,2017,"TRAILUX TRAILER",Silver,2021-12-06,109
407,Trailer,616,2017,"10 X 5",Silver,2021-12-21,109
408,Trailer,623,2017,"HAULER 7X4 TIPPING",Silver,2021-12-05,107
409,"Boat Trailer",623,2017,RB,Silver,2022-01-27,106
410,"Trailer - Heavy",623,2017,"EXCAVATOR TRAILER",Silver,2021-12-31,102
411,Trailer,623,2017,"FOOD CART",Silver,2021-12-13,111
412,Trailer,623,2017,VULCAN,Silver,2021-11-18,102
413,Trailer,549,2017,TRAILER,Black,2022-01-14,104
414,Caravan,519,2002,"COMPASS OMEGA 534",White,2021-11-01,101
415,"Trailer - Heavy",623,2017,"GT TRAILER",Silver,2022-02-23,102
416,Trailer,623,2017,"ELITE 7X4",Silver,2022-02-22,114
417,"Boat Trailer",623,2002,"VOYAGER A16M",Silver,2022-01-08,104
418,Trailer,623,2020,TUFF,Silver,2022-01-25,108
419,Trailer,514,2020,8X4,Silver,2021-10-14,114
420,"Trailer - Heavy",549,1987,HOMEMADE,Green,2022-01-16,114
421,"Boat Trailer",623,2020,WAVERUNNER,Silver,2022-02-13,114
422,Trailer,623,2020,TUFF,Silver,2021-12-31,109
423,Trailer,623,2020,TUFF,Silver,2021-10-27,104
424,Trailer,623,2020,TRAYLA,Silver,2022-03-28,103
425,Trailer,562,2020,KC95,Silver,2021-10-21,103
426,Caravan,519,2009,LUNAR,White,2022-03-24,114
427,Saloon,512,2014,730I,White,2022-03-24,102
428,"Boat Trailer",623,1980,"BOAT TRAILER",Grey,2021-11-09,104
429,Caravan,519,2010,"SWIFT CHALLENGER 570",White,2021-12-28,114
430,Trailer,623,1979,OLEARY,Yellow,2022-03-17,109
431,Caravan,609,2005,ECCLES,White,2021-11-09,102
432,Roadbike,636,2004,FZS,Silver,2022-02-19,114
433,Trailer,623,1981,"DOMESTIC TRAILER",Yellow,2022-04-01,102
434,Roadbike,631,2007,8-BALL,Black,2022-03-31,111
435,Moped,585,2008,"FACTORY BUILT",Gold,2021-11-25,109
436,Trailer,514,1999,7X4,Silver,2022-02-21,114
437,Trailer,623,1967,LOCAL,Red,2022-01-11,103
438,Trailer,624,2020,"ELITE 8X4",Silver,2021-10-24,111
439,Trailer,623,2020,"DOMESTIC TRAILER",Silver,2021-10-14,104
440,Trailer,623,2020,"D-MAX FLATDECK",Silver,2022-01-29,109
441,Roadbike,550,2003,MAGNA,Silver,2022-03-10,102
442,Trailer,562,2000,KC846,Silver,2022-03-25,103
443,Trailer,623,1972,LOCAL,Blue,2021-12-07,108
444,Trailer,549,1992,"TANDEM TRAILER",White,2022-02-08,114
445,Trailer,623,2020,HOMEBUILT,Silver,2021-11-25,101
446,Trailer,623,2020,ELITE,Silver,2022-03-09,114
447,Roadbike,594,1997,VESPA,Grey,2022-03-10,102
448,"Boat Trailer",623,2020,CRUISER,Silver,2021-12-15,102
449,Trailer,572,2020,TRAILER,Silver,2021-11-30,114
450,Trailer,623,1982,"CUSTOMS BUIL",Orange,2022-01-28,101
451,Trailer,514,2020,8X5,Silver,2021-12-06,115
452,Trailer,514,2015,"8X4 TANDEM",Silver,2021-11-27,114
453,Roadbike,611,2004,SJ125,Red,2022-03-19,114
454,Moped,636,1999,JOG,Black,2022-03-28,107
455,"Trailer - Heavy",623,1998,"GT PRODUCTS",Grey,2021-11-15,102
456,Caravan,519,1977,"CI MUNRO",White,2022-03-21,102
457,Trailer,623,2020,TRAYLA,Silver,2021-11-25,104
458,"Boat Trailer",623,2020,"ASD JET SKI",Silver,2021-12-11,104
459,Roadbike,636,2001,XV250SL,Red,2021-11-15,102
460,Trailer,623,1999,LIGHT,Silver,2022-03-31,104
461,"Boat Trailer",623,2020,MAKZ,Silver,2022-01-18,109
462,Trailer,623,2020,"ENSOL TANKER",Silver,2022-03-03,109
463,Trailer,623,2021,HOMEMADE,Silver,2021-11-15,115
464,Trailer,549,2021,TRAILER,Black,2021-10-11,101
465,Trailer,623,2019,DOMESTIC,Grey,2022-02-23,103
466,Roadbike,505,2008,SXV,Black,2021-10-30,114
467,Roadbike,550,2009,CB,Silver,2022-02-06,114
468,"Trailer - Heavy",558,2017,STARCRAFT,White,2022-01-04,102
469,Trailer,623,2017,BES1500,Silver,2021-12-23,102
470,Trailer,623,2017,"PL27084 ACCESS",Silver,2021-11-11,102
471,Trailer,514,2017,"TRAILER 8X4",Silver,2022-01-18,103
472,Trailer,623,2017,"TRANSPORT MGE",Silver,2022-02-28,103
473,Trailer,623,2017,TUI,Silver,2021-12-31,107
474,Trailer,514,2017,8X4,Silver,2022-04-05,115
475,Trailer,549,1976,TRAILER,White,2021-11-21,104
476,Trailer,623,2017,"VULCAN C8X5T",Silver,2021-10-17,102
477,Trailer,623,2017,"TOP GEAR",Black,2021-10-27,102
478,Trailer,562,2017,K844T,Silver,2022-01-28,114
479,Trailer,623,2017,"EASY TILI",Silver,2022-02-18,103
480,"Boat Trailer",623,2017,HOMEBUILT,Silver,2022-03-20,114
481,Trailer,623,2008,BUNNINGS,Silver,2022-02-24,108
482,"Boat Trailer",636,2017,"RED RUNNER H/B",Silver,2022-01-20,102
483,Trailer,623,2017,"TRAILER PRO",Silver,2021-10-21,102
484,Trailer,623,2017,HOMEBUILT,Silver,2021-11-06,114
485,Trailer,562,2008,844X,Silver,2022-03-09,108
486,Trailer,623,2017,"IFOR WILLIAMS",Silver,2022-02-25,102
487,Trailer,623,2009,"DOMESTIC TRAILER",Silver,2021-10-09,103
488,Trailer,623,2020,TUFF,Silver,2021-12-06,104
489,"Boat Trailer",623,2020,WAVERUNNER,Grey,2021-10-24,114
490,Trailer,584,2008,TRAILER,Silver,2022-01-04,102
491,Roadbike,550,1985,CX,White,2022-02-16,102
492,Roadbike,611,2005,GN250,Blue,2022-01-28,102
493,"Boat Trailer",623,1990,"BOAT TRAILER",White,2022-01-18,102
494,Trailer,623,2021,BOX,White,2022-03-10,106
495,Trailer,623,2021,"CAR TRANSPORTER",Grey,2021-11-24,102
496,Moped,585,2005,"JET EURO X",Silver,2022-01-24,109
497,Trailer,623,2021,"ELITE 8X4",Silver,2021-12-03,114
498,Trailer,623,2021,ROADCHIEF,Silver,2022-01-28,102
499,Trailer,562,2021,KC95,Silver,2021-12-17,114
500,"Trailer - Heavy",623,2021,"BRENT SMITH TB1",Silver,2022-01-18,102
501,Trailer,623,2021,TRAYLA,Silver,2021-10-16,107
502,Trailer,538,2021,"BRENT SMITH TRAILERS",Silver,2022-02-04,102
503,"Boat Trailer",623,2021,"BOAT TRAILER",Silver,2021-11-19,104
504,Trailer,623,1968,HAYES,Grey,2022-01-28,114
505,Trailer,623,2021,"TUI TRAILERS",Grey,2022-02-21,102
506,Trailer,528,2021,FACTORYBUILT,Silver,2021-12-24,102
507,Trailer,549,1969,TRAILER,Blue,2022-02-23,103
508,Trailer,549,1997,"TRANSPORTE GT PRODCU",Silver,2022-02-14,104
509,Trailer,623,1967,HOMEMADE,Green,2021-12-09,115
510,Trailer,623,2021,HOMEBUILT,Grey,2021-12-22,107
511,Trailer,623,2021,"CAR TRANSPORT",Silver,2022-01-22,114
512,Trailer,623,2021,"CAR TRANSPORRT",Silver,2022-03-15,114
513,Trailer,623,2021,TRAYLA,Silver,2021-12-07,109
514,Trailer,623,1998,HOMEMADE,Green,2022-03-16,107
515,Trailer,549,2021,TRAILER,Black,2022-03-04,108
516,Trailer,572,2021,"DOMESTIC TRAILER",Silver,2021-11-15,115
517,Caravan,623,2021,TRANSPORTER,Silver,2022-02-23,106
518,Trailer,623,2021,"ROAD CHIEF",Silver,2021-12-13,104
519,Moped,550,2002,NVS,Blue,2022-01-23,109
520,Trailer,623,2021,HEAVEN171H,Silver,2021-11-15,108
521,Trailer,623,1976,LOCAL,Grey,2022-01-07,105
522,Caravan,571,1975,"CHEVRON 1500",White,2022-01-13,102
523,Trailer,623,2021,"CAR TRAILER",Silver,2021-12-29,102
524,Trailer,623,2021,"D-MAX FLATDECK",Silver,2021-12-09,102
525,Roadbike,561,2005,ZX,Silver,2021-12-09,103
526,Trailer,623,2021,DOMESTIC,Silver,2021-12-14,101
527,Trailer,623,2021,KING,Silver,2021-11-08,107
528,Roadbike,611,2002,GS,Black,2021-12-01,102
529,Moped,611,2000,"STREET MAGIC TR50 8",Green,2022-02-26,102
530,Roadbike,611,2002,SV650S,Red,2022-01-30,107
531,Trailer,623,2017,"OUTPOST 10X6",Silver,2022-02-14,102
532,Trailer,562,2017,"KC 126",Silver,2022-01-10,102
533,Trailer,622,2017,"COMPASS S74",Silver,2021-12-09,114
534,Trailer,623,2017,GOODS,Grey,2022-04-05,109
535,Trailer,623,1977,HOMEBUILT,White,2021-11-16,105
536,Trailer,623,2017,"M J TANDEM AXLE",Silver,2021-12-20,114
537,Trailer,623,2017,"TOTAL POWER",Silver,2021-11-15,114
538,Trailer,623,2017,TRAYLA,Silver,2021-11-21,106
539,"Boat Trailer",623,2000,"FRONT RUNNER",Silver,2021-12-15,103
540,Trailer,623,2017,HOMEBUILT,Silver,2022-04-05,108
541,Trailer,623,2017,UTBT,Silver,2022-03-13,103
542,Saloon,511,1963,S3,White,2022-04-05,109
543,Trailer,623,2017,"CAR DOLLY",Silver,2021-10-27,108
544,"Boat Trailer",623,2002,"JETSKI FACTORYBUILT",Silver,2022-03-14,114
545,Trailer,623,2017,COMPASS-KHSTTI,Silver,2022-02-09,109
546,Trailer,623,2017,COMPASS-KHSTTI,Silver,2021-11-12,103
547,Trailer,595,2017,"TRADE WELLSIDE",Silver,2022-03-18,102
548,Trailer,623,2018,DOMESTIC,Black,2022-01-16,102
549,Trailer,623,2021,TIPPER,Silver,2022-02-15,102
550,Roadbike,550,2007,SCV,Red,2022-03-03,109
551,Trailer,623,2021,7X4,Silver,2021-11-20,109
552,Trailer,595,2021,"BRAKED TANDEM 10X5",Silver,2021-11-08,102
553,Trailer,623,2000,"MANAWATU ENGINEERING",Grey,2022-03-30,114
554,Trailer,623,1996,HOMEMADE,Grey,2022-03-28,103
555,"Trailer - Heavy",623,2021,NYMIC,Grey,2021-10-29,102
556,Trailer,514,2021,"8X5 DIGGER TRANSPORT",Silver,2021-12-16,114
557,Trailer,549,2021,"LOG SPLITTER",Blue,2021-11-16,107
558,Trailer,623,2020,DOMESTIC,Grey,2022-02-27,102
559,Trailer,616,2021,"DOMESTIC TRAILER",Silver,2021-11-29,109
560,Trailer,623,2021,DOMESTIC,Grey,2022-01-03,101
561,"Boat Trailer",623,1985,BOAT,Silver,2021-12-21,104
562,Trailer,616,2021,"DOMESTIC TRAILER",Silver,2021-10-14,102
563,Trailer,623,2021,BETTER,Silver,2021-10-17,105
564,Trailer,623,2021,TUFF,Silver,2021-12-03,103
565,Moped,611,2006,SJ50QT,Blue,2022-01-31,116
566,Trailer,623,1998,"HELLMACK 12X6",Yellow,2022-02-07,114
567,"Trailer - Heavy",623,2021,"CT DIG25",Silver,2022-02-14,102
568,Trailer,538,2021,CUSTOM,White,2021-10-23,103
569,"Trailer - Heavy",623,2021,PRESCOTT,Silver,2021-10-30,104
570,Trailer,532,2021,TRAILER,Silver,2022-03-01,107
571,Trailer,623,2021,TRAYLA,Silver,2022-04-05,104
572,Trailer,616,2021,"DOMESTIC TRAILER",Silver,2021-11-09,104
573,"Boat Trailer",623,2021,DMW,Grey,2022-01-26,102
574,Trailer,538,2021,"CONCEPT TRAILERS",Silver,2022-02-22,106
575,Trailer,623,2019,DOMESTIC,Grey,2021-10-23,102
576,Caravan,612,2011,CARAVAN,White,2021-11-14,102
577,Trailer,623,2021,TANDEM,Silver,2022-02-24,102
578,Trailer,623,2021,JOBMATE,Silver,2022-02-15,107
579,Trailer,628,2021,"DOMESTIC TRAILER",Black,2022-01-24,102
580,Trailer,501,2021,HUMBAUR,Silver,2022-02-05,102
581,"Boat Trailer",623,2013,"JET SKI",Grey,2021-12-06,102
582,Moped,593,2009,"NAKED 50",Blue,2021-11-18,102
583,Caravan,519,2009,"COACHMAN AMARA 520",White,2022-02-22,114
584,Trailer,623,2021,ELITE,Silver,2022-02-28,114
585,"Trailer - Heavy",623,2021,"IFOR WILLIAMS",Silver,2022-02-20,101
586,Moped,585,2007,"VMOTO MILAN",Black,2022-02-21,102
587,Hatchback,587,2008,TIIDA,Red,2022-03-30,102
588,Trailer,623,2019,DOMESTIC,Grey,2021-10-19,102
589,Moped,585,2008,CICLONE,Red,2021-10-18,102
590,Trailer,623,1993,HOMEMADE,Grey,2022-01-20,114
591,Trailer,623,1985,LOCAL,White,2022-02-17,103
592,Trailer,623,2021,BST2021D,Silver,2021-10-24,102
593,"Trailer - Heavy",549,1987,ABEL,Yellow,2021-10-12,105
594,Roadbike,561,1996,VN,Black,2021-11-22,102
595,"Trailer - Heavy",623,2018,GT17023,Silver,2022-03-28,102
596,Trailer,616,2018,"DOMESTIC TRAILER",Silver,2022-03-21,105
597,Trailer,623,2018,HOMEMADE,Black,2021-11-08,101
598,Trailer,623,2015,DOLLY,Black,2022-01-19,103
599,"Boat Trailer",623,1976,"CRESTA CRAFT",Grey,2021-11-17,114
600,Trailer,623,2018,DOMESTIC,Silver,2022-02-24,101
601,"Boat Trailer",623,2018,JETSKI,Silver,2022-01-30,108
602,Trailer,514,2018,"8X4 TANDEM",Silver,2022-01-18,114
603,Trailer,562,2018,K64SA,Silver,2021-10-16,103
604,Trailer,623,2018,"DOMESTIC TRAILER",Grey,2021-10-25,102
605,Trailer,616,2018,"DOMESTIC TRAILER",Silver,2022-02-11,102
606,Trailer,623,2018,DOMESTIC,White,2021-12-12,102
607,"Trailer - Heavy",623,2018,PRESCOTT,Silver,2021-10-25,114
608,Trailer,623,2018,HOMEBUILT,Silver,2021-12-17,104
609,"Trailer - Heavy",623,2018,"GT DIGGER TRAILER",Silver,2021-11-24,102
610,Trailer,623,2018,TRAYLA,Silver,2021-11-15,109
611,Trailer,623,2018,"BRIAN JAMES A4",Silver,2022-01-18,102
612,Trailer,616,2018,"DOMESTIC TRAILER",Silver,2021-12-29,107
613,Trailer,623,2018,HOMEBUILT,Grey,2021-12-14,108
614,Trailer,514,2018,"8X4 TANDEM",Silver,2022-02-02,114
615,Trailer,549,2018,TRAILER8X4,Silver,2021-10-11,114
616,Trailer,623,2018,"ZANDER BUILT",Grey,2022-03-14,106
617,Caravan,538,1973,"CRESTA CRAFT XRP",White,2022-01-17,111
618,Trailer,623,2002,DOMESTIC,Silver,2021-10-22,111
619,Moped,585,2011,"ELITE STAR 50",Red,2022-03-18,114
620,Roadbike,625,2002,DAYTONA,Blue,2021-11-21,109
621,Roadbike,611,2007,DR-Z400,Yellow,2022-03-25,109
622,Moped,563,2012,F-ACT,White,2021-10-18,102
623,Moped,617,2015,ROMA,Red,2022-01-22,102
624,Roadbike,550,2015,CBR,White,2021-12-14,109
625,Roadbike,611,2009,GN125H,Red,2022-01-22,102
626,Moped,585,2010,SOLANA,Blue,2021-12-26,102
627,Moped,629,2011,LX,Silver,2022-04-02,102
628,Moped,585,2014,EURORIDER,Black,2021-12-25,102
629,Moped,611,2014,UZ,Black,2021-12-11,102
630,Roadbike,561,2014,KLX,Green,2021-10-18,109
631,Roadbike,550,2014,GLH,White,2022-03-14,102
632,Trailer,623,2003,PRESCOT,Silver,2021-10-19,104
633,"Boat Trailer",533,2003,SF535,Silver,2022-01-09,102
634,Trailer,562,2002,K745A,Silver,2021-11-07,103
635,Roadbike,611,2010,VL250,Black,2022-03-03,102
636,Roadbike,636,1993,XT,White,2022-02-13,101
637,Moped,585,2011,"ELITE STAR 50",White,2022-01-03,114
638,Roadbike,565,2004,EXC,Orange,2022-02-13,101
639,Moped,594,2013,ZIP,Black,2022-01-20,109
640,Roadbike,550,2013,WW,Black,2021-10-13,102
641,Roadbike,565,2013,390,White,2022-01-07,102
642,Moped,541,2014,CAPRI,Cream,2022-02-08,102
643,Moped,594,2014,ZIP,Black,2022-02-02,102
644,Roadbike,636,2014,YZF-R6Y,Blue,2021-12-22,114
645,Roadbike,636,2008,YZF-R6W,Blue,2022-01-11,102
646,Moped,538,2015,TAOTAO,Red,2021-11-17,114
647,"Trailer - Heavy",623,2003,"FACTORY BUILT",Silver,2021-10-13,114
648,Roadbike,545,2008,FXDC,Black,2022-04-05,102
649,Roadbike,545,2007,XL,Black,2022-03-23,109
650,Roadbike,594,2005,VESPA,Black,2021-12-08,111
651,Roadbike,550,2011,SCV,Red,2021-11-09,103
652,Roadbike,611,2011,GSR,Black,2022-03-18,102
653,Roadbike,565,2011,EXC,Orange,2022-01-07,102
654,Roadbike,554,2012,GV250,Black,2021-11-17,102
655,Moped,594,2012,ZIP,White,2022-02-06,102
656,Moped,632,2010,MOTORCYCLE,Black,2021-12-02,104
657,Roadbike,611,2006,VZ800,Black,2021-11-22,102
658,Roadbike,611,2007,VL800,Green,2022-01-30,102
659,Moped,593,2014,LIGERO,Red,2021-10-20,114
660,Roadbike,565,2014,390,Black,2021-12-30,103
661,Moped,617,2015,ROMA,Black,2022-01-19,102
662,Roadbike,631,2013,VEGAS,Black,2021-10-14,116
663,"Boat Trailer",623,2002,LOCAL,Silver,2022-03-30,103
664,Roadbike,550,2010,SCV,Red,2021-12-09,111
665,Moped,636,2011,MOTORCYCLE,Silver,2021-11-16,114
666,Moped,550,2011,TODAY,Yellow,2022-01-03,102
667,Roadbike,636,2013,YZF,Blue,2022-03-27,109
668,Moped,593,2013,PMX,Black,2022-01-04,101
669,Roadbike,553,2014,FE,White,2022-02-10,114
670,Roadbike,611,2008,GSX750F,Black,2022-03-14,101
671,Moped,538,2014,SHENKE,Black,2021-11-16,114
672,Moped,585,2009,"ORION SCOOTER",Yellow,2022-01-10,109
673,Moped,594,2005,"VESPA ET2 50",Blue,2022-02-05,102
674,Moped,636,2011,CV50,Blue,2022-01-11,109
675,Roadbike,611,2013,GW250,Red,2022-01-27,102
676,Roadbike,505,2002,RSV,Grey,2022-03-04,115
677,Roadbike,550,2014,CBR,Black,2022-03-26,104
678,"All Terrain Vehicle",550,2014,"PIONEER 500",Red,2022-03-02,114
679,Moped,590,2015,THOR,Red,2021-11-27,109
680,Trailer,623,2002,"OLEARY 8 X 5",Green,2022-01-11,105
681,Trailer,514,2002,"8X4 TANDEM",Green,2022-02-23,114
682,Moped,585,2010,"VMOTO MILAN",Black,2021-12-18,102
683,Roadbike,563,2011,CRUISER,Silver,2021-11-27,103
684,Roadbike,505,2012,DORSODURO,Black,2022-01-22,102
685,Roadbike,594,2012,FLY,Black,2021-11-26,102
686,Roadbike,611,2012,GSX-R600,Black,2021-11-22,102
687,Roadbike,550,2013,CRF,Red,2021-11-13,109
688,Roadbike,552,2014,FE,Blue,2021-12-18,109
689,Roadbike,550,2013,NBC,Green,2021-10-17,105
690,Moped,617,2014,ROMA,Black,2022-03-14,104
691,Roadbike,550,2014,NSC,White,2022-01-17,102
692,Roadbike,545,2007,SOFTAIL,Black,2021-10-25,107
693,Moped,550,2006,ZOOMER,Blue,2022-02-27,102
694,Roadbike,550,2015,NSC,Silver,2021-12-15,102
695,Roadbike,550,1993,CB,White,2022-03-07,102
696,Moped,613,2011,DD50,Red,2022-04-03,107
697,Roadbike,611,2011,AN125,Black,2022-03-09,102
698,Moped,585,2011,"JM STAR SUNNY 50",Red,2021-11-12,114
699,Moped,636,2008,VINO,Black,2022-03-13,103
700,Roadbike,611,2001,DR,Blue,2021-12-06,109
701,Moped,636,2013,YW50,Black,2022-01-19,102
702,Tractor,621,2013,"VALTRA N92",Red,2021-11-04,101
703,Moped,550,1988,DJ1,White,2022-01-13,102
704,Roadbike,550,2014,GLH,Blue,2022-03-07,102
705,Moped,550,2007,"TODAY 50",Red,2021-10-19,104
706,Roadbike,561,2014,EX,White,2022-03-28,102
707,Moped,617,2014,GRIDO,Black,2022-01-25,103
708,Moped,617,2015,OTTO,Black,2022-03-14,102
709,Roadbike,515,2006,XB12R,Black,2022-02-20,102
710,Roadbike,611,2010,DR650SE,White,2022-03-24,102
711,Roadbike,550,2012,CT,Red,2022-02-01,103
712,Moped,594,2013,ZIP,Black,2022-03-27,109
713,Roadbike,629,2013,PX,Red,2021-10-09,102
714,Moped,611,2013,UZ,Silver,2022-04-01,114
715,Roadbike,636,2006,YZF-R6V,Red,2021-11-11,105
716,Roadbike,594,2014,VESPA,White,2022-01-31,102
717,Roadbike,554,2014,GV650,Black,2022-03-08,103
718,Roadbike,636,2014,XJ6,White,2022-03-19,102
719,Moped,593,2015,LIGERO,Black,2021-12-29,101
720,Utility,540,2001,COURIER,Blue,2022-03-06,115
721,Utility,540,2001,COURIER,Green,2021-12-07,111
722,Utility,587,2001,NAVARA,Silver,2021-12-21,102
723,Saloon,619,1991,CYNOS,Green,2022-02-17,102
724,Utility,587,2001,NAVARA,Blue,2021-12-27,103
725,Stationwagon,587,1992,AVENIR,Blue,2021-10-08,115
726,Utility,587,2001,NAVARA,Silver,2022-02-15,101
727,Saloon,540,2001,MONDEO,Gold,2021-12-03,116
728,Saloon,580,2000,LANCER,White,2021-12-29,103
729,Stationwagon,580,2001,PAJERO,Silver,2022-02-14,102
730,Saloon,548,2001,"VX COMMODORE",Red,2021-11-09,102
731,Stationwagon,610,1995,IMPREZA,Red,2022-01-19,102
732,Utility,540,2001,COURIER,White,2022-01-16,105
733,Saloon,587,1994,SUNNY,Blue,2022-04-01,109
734,Saloon,587,1991,PRIMERA,Black,2021-10-08,115
735,Stationwagon,619,2001,PREVIA,Silver,2021-10-21,102
736,Stationwagon,619,1996,HILUX,Blue,2021-12-21,104
737,Utility,619,2001,HILUX,Silver,2021-12-22,104
738,Stationwagon,540,1996,FREDA,Red,2022-03-15,102
739,Utility,576,2001,BOUNTY,White,2021-12-05,115
740,Saloon,587,1994,SKYLINE,Grey,2022-01-31,105
741,Utility,540,2001,COURIER,Blue,2022-01-25,102
742,Stationwagon,619,1994,EMINA,Green,2022-01-14,105
743,Saloon,619,1994,CERES,Silver,2021-11-26,114
744,Saloon,540,2001,FALCON,Gold,2021-12-19,104
745,"Other Truck",531,2001,DELTA,White,2021-10-17,102
746,Saloon,587,1993,SKYLINE,Black,2022-03-17,102
747,Utility,540,2001,COURIER,Blue,2022-03-24,109
748,Saloon,580,1996,LANCER,Red,2021-12-10,102
749,Saloon,580,1994,LANCER,White,2021-12-05,114
750,"Light Van",550,2001,CRV,Green,2021-11-01,109
751,Saloon,587,1992,PRIMERA,Grey,2021-12-02,114
752,Stationwagon,548,2001,ZAFIRA,Red,2021-11-16,102
753,Hatchback,576,2001,323,Blue,2021-12-06,102
754,Hatchback,550,2001,CIVIC,Red,2022-03-24,103
755,Stationwagon,619,1995,SCEPTER,Red,2022-03-20,114
756,Hatchback,619,2001,COROLLA,Red,2022-03-31,104
757,Saloon,587,1995,PULSAR,Blue,2022-03-23,106
758,"Other Truck",587,1996,CONDOR,White,2022-02-02,102
759,Utility,587,1998,NAVARA,White,2022-01-11,102
760,Saloon,548,2001,"VX COMMODORE",White,2022-03-16,115
761,Utility,548,2002,"VU UTILITY",Blue,2022-01-21,103
762,Saloon,587,1997,CEFIRO,Blue,2022-02-18,106
763,Stationwagon,548,2001,"VX COMMODORE",Blue,2021-12-27,103
764,Utility,580,2002,TRITON,Silver,2021-12-30,101
765,Utility,548,2001,"RODEO 4X2",White,2022-01-28,107
766,Utility,540,2001,COURIER,White,2022-02-05,102
767,Stationwagon,610,1994,IMPREZA,Silver,2022-03-31,102
768,Hatchback,540,2001,KA,Blue,2022-01-30,114
769,"Light Van",619,2002,HIACE,Green,2021-11-03,109
770,"Light Van",619,1996,HIACE,White,2021-11-04,104
771,Saloon,587,2002,PRIMERA,Green,2021-12-17,102
772,Saloon,548,2002,"VX COMMODORE",Silver,2021-11-02,101
773,Saloon,548,2002,"VX COMMODORE",Red,2021-12-28,106
774,Stationwagon,540,2002,ESCAPE,Red,2021-12-27,106
775,"Light Van",619,1996,HIACE,White,2022-03-11,114
776,Utility,580,2001,L200,Grey,2022-02-22,102
777,Saloon,540,2002,FALCON,Black,2022-03-21,114
778,Hatchback,619,2002,ECHO,Red,2021-10-18,102
779,Hatchback,619,2015,AQUA,White,2022-03-17,109
780,Stationwagon,556,1992,BIGHORN,Green,2022-02-23,102
781,Utility,540,2002,COURIER,Blue,2022-03-11,114
782,Stationwagon,587,1992,SAFARI,Gold,2022-01-20,102
783,"Light Van",555,2002,H100,White,2021-10-17,102
784,Utility,576,2002,BOUNTY,Red,2022-01-02,104
785,Utility,576,2002,BOUNTY,Red,2022-01-12,104
786,Stationwagon,540,2002,ESCAPE,Silver,2022-02-28,104
787,Saloon,587,1996,PULSAR,Grey,2021-11-25,105
788,"Light Van",619,2002,HIACE,White,2022-02-20,109
789,Stationwagon,610,2002,LEGACY,Blue,2022-01-22,115
790,Utility,540,2002,COURIER,Silver,2022-03-12,104
791,Utility,576,2002,BOUNTY,White,2021-12-29,106
792,Utility,540,2002,COURIER,Silver,2022-01-01,104
793,Stationwagon,580,1999,MIRAGE,Silver,2021-10-13,111
794,Utility,576,2002,BOUNTY,Red,2021-11-14,104
795,Utility,540,2002,COURIER,White,2021-11-16,104
796,Utility,576,2002,BOUNTY,Red,2021-11-22,104
797,Hatchback,633,2002,POLO,Blue,2022-01-08,102
798,Utility,587,1990,NAVARA,Green,2021-11-05,114
799,Saloon,587,1997,LAUREL,Grey,2022-02-28,102
800,Saloon,587,1995,CEFIRO,Brown,2022-04-03,105
801,Saloon,512,2000,318I,Silver,2022-03-25,105
802,Hatchback,550,1995,CIVIC,Blue,2021-10-10,105
803,Utility,540,2002,COURIER,White,2022-02-14,105
804,"Other Truck",576,1990,TITAN,White,2022-02-28,101
805,Utility,587,1995,DATSUN,White,2021-10-29,114
806,Saloon,587,1999,PULSAR,Silver,2022-03-15,103
807,Saloon,580,2002,DIAMANTE,Cream,2022-03-01,101
808,Utility,619,2002,HILUX,Red,2021-12-03,104
809,Stationwagon,610,1993,LEGACY,Red,2021-10-08,109
810,Stationwagon,619,1995,SURF,Red,2022-01-15,114
811,Saloon,548,2002,"VX COMMODORE",Silver,2021-12-09,101
812,Stationwagon,610,2002,OUTBACK,Blue,2021-12-04,101
813,Stationwagon,619,1996,LANDCRUISER,Blue,2021-11-05,114
814,"Sports Car",587,1992,SKYLINE,Grey,2022-01-23,102
815,Utility,540,2002,COURIER,White,2022-01-14,114
816,Stationwagon,587,1996,WINGROAD,Blue,2021-12-28,102
817,Stationwagon,619,1997,HILUX,Red,2021-11-17,109
818,Saloon,548,2002,"VX COMMODORE",White,2022-03-23,114
819,Saloon,540,1963,ANGLIA,Blue,2022-02-21,109
820,Saloon,580,2002,DIAMANTE,Silver,2022-04-02,102
821,Saloon,548,2002,"VX COMMODORE",Grey,2022-04-05,102
822,Utility,540,2002,COURIER,White,2022-03-19,106
823,Stationwagon,540,2002,EXPLORER,Grey,2022-02-23,102
824,Saloon,550,2003,CIVIC,Green,2022-03-30,102
825,Stationwagon,587,1989,SAFARI,Grey,2022-01-27,114
826,Stationwagon,577,2002,ML,Silver,2022-03-30,101
827,Utility,576,2002,BOUNTY,White,2021-10-11,104
828,"Flat Deck Truck",531,2002,DELTA,White,2022-02-01,102
829,Stationwagon,611,1991,ESCUDO,Blue,2021-12-14,114
830,Trailer,538,2003,"BRENT SMITH TRAILERS",Silver,2022-02-28,103
831,Roadbike,611,2007,GSF,Blue,2022-03-02,109
832,Moped,585,2015,ZNEN,Red,2022-02-10,102
833,Roadbike,550,2015,GLH,Red,2021-11-14,102
834,Roadbike,565,2015,200,White,2022-02-28,109
835,Roadbike,545,2014,VRSCDX,Red,2022-01-12,104
836,Moped,563,2008,"VENUS 50",Black,2022-02-06,114
837,Moped,611,2014,UZ,Yellow,2021-11-06,109
838,Roadbike,550,2017,CB,Yellow,2022-02-03,102
839,Moped,617,2017,ROMA,Blue,2021-11-13,114
840,Moped,611,2003,VERDE,Grey,2021-12-15,102
841,Roadbike,512,2017,G310,White,2021-10-07,102
842,Moped,617,2017,ROMA,Red,2022-03-21,114
843,Roadbike,553,2017,FE,White,2021-12-29,109
844,Tractor,560,2017,6140M,Green,2022-01-27,106
845,Roadbike,550,2017,GLC,Red,2022-04-04,103
846,Moped,594,2017,ZIP,White,2021-12-23,102
847,Moped,594,2018,ZIP,White,2021-12-18,111
848,Moped,538,2018,ARIIC,White,2021-12-12,114
849,Roadbike,611,2010,DL650,Black,2022-03-17,101
850,Roadbike,636,2018,YZF,Blue,2022-02-24,114
851,Moped,617,2018,ROMA,Black,2022-01-18,102
852,Moped,550,2005,TODAY,Silver,2022-01-30,103
853,Roadbike,565,2019,690,Orange,2021-12-16,102
854,Moped,541,2015,CICLONE,Red,2021-12-16,102
855,"All Terrain Vehicle",636,2014,YXM700DE,Blue,2022-03-22,101
856,Roadbike,636,2016,YZF,Red,2022-02-15,102
857,"All Terrain Vehicle",550,2011,TRX500FM,Red,2021-11-30,107
858,Roadbike,536,2003,ST4,Red,2021-11-19,101
859,Roadbike,545,2017,DYNA,Black,2022-01-13,104
860,Roadbike,601,2017,CLASSIC,Green,2022-01-07,109
861,Roadbike,611,2017,GN125H,Red,2022-04-01,102
862,Roadbike,636,2017,MT-07,Silver,2021-12-20,116
863,Moped,538,2018,ARIIC,Black,2022-03-02,114
864,Moped,502,2018,GTA-50,Black,2021-12-27,102
865,Roadbike,636,2018,YZF,White,2022-04-02,102
866,Moped,638,2018,ZN50QT-51A,Black,2022-02-25,101
867,Moped,617,2018,ROMA,Black,2021-11-05,102
868,Roadbike,545,2007,VRSCDX,Black,2022-04-02,102
869,Roadbike,636,2019,MT-03,Blue,2021-12-18,102
870,Roadbike,611,2019,UK,White,2022-02-16,109
871,Roadbike,545,2019,TOURING,Black,2022-01-01,104
872,Moped,617,2019,ROMA,Black,2021-11-28,102
873,Roadbike,545,2011,"NIGHT ROD",Black,2022-01-26,102
874,"Trailer - Heavy",608,2003,SBSK339C,Blue,2022-02-21,114
875,Roadbike,629,2015,SPRINT,White,2022-03-30,102
876,Roadbike,636,2016,YZF,Blue,2021-12-05,102
877,Roadbike,603,2016,TL,Grey,2022-02-07,102
878,Moped,585,2016,"EURO 50",Black,2022-03-04,107
879,Moped,636,2006,VCV50,Silver,2022-03-19,105
880,Roadbike,566,2016,LIKE,Black,2022-02-26,102
881,Roadbike,554,2016,GD250N,Red,2022-01-26,109
882,Moped,505,2017,"SR MOTARD",Grey,2021-12-22,102
883,Roadbike,611,2004,GN125E,Black,2022-04-03,102
884,Roadbike,611,2018,UK,White,2022-04-05,102
885,Roadbike,545,1988,883,Red,2022-03-04,114
886,Roadbike,561,2016,KL,Green,2021-11-21,109
887,Roadbike,636,2018,YZF,White,2022-02-01,102
888,Moped,617,2019,ROMA,Black,2021-10-16,109
889,Roadbike,550,2019,C,Red,2022-01-07,102
890,Roadbike,550,2012,CRF,White,2021-11-17,109
891,Roadbike,550,2000,HORNET,Blue,2022-01-04,102
892,Roadbike,565,2019,"690 SMC",White,2022-02-05,109
893,Roadbike,629,2013,LX,White,2021-10-17,102
894,Roadbike,611,2019,GSX150,Blue,2022-02-04,102
895,Roadbike,611,2010,GN125H,Black,2022-03-25,102
896,Moped,613,2011,FIDDLE,Red,2021-10-28,114
897,Roadbike,611,2015,AN125,Red,2022-01-04,102
898,Moped,611,2016,UZ50,Brown,2021-11-23,103
899,Moped,585,2005,DD50,Black,2021-12-15,104
900,Moped,538,2016,SHENKE,Black,2021-12-10,103
901,Roadbike,561,2009,ZX,Black,2022-02-07,109
902,Moped,538,2017,NIU,White,2022-03-06,102
903,Roadbike,611,2016,GN125H,Black,2022-02-25,102
904,Roadbike,611,2016,SV650UA,Black,2021-10-23,109
905,Roadbike,565,2017,RC,White,2021-10-20,114
906,Moped,617,2017,ROMA,White,2022-03-07,102
907,Roadbike,636,2005,MAJESTY,White,2022-02-13,102
908,Roadbike,545,2017,STREET,Red,2022-01-29,102
909,Roadbike,611,2017,DR-Z400SM,Black,2022-03-06,109
910,Roadbike,636,2017,YZF,Black,2022-03-01,102
911,Moped,611,2007,LETS,Black,2022-02-25,109
912,Roadbike,611,2018,GSX150,Blue,2022-04-01,102
913,"All Terrain Vehicle",518,2018,COMMANDER,Grey,2022-03-14,107
914,Roadbike,550,2018,GLC,Black,2022-01-30,102
915,Roadbike,554,2013,GT250,Red,2022-03-08,102
916,Roadbike,611,2018,GSX150,Black,2022-02-13,109
917,Roadbike,565,2016,200,White,2022-03-11,107
918,Roadbike,636,2019,YZF,Black,2022-03-02,114
919,Roadbike,550,2019,CB,Black,2022-02-04,102
920,Roadbike,625,2019,"SPEED TWIN",Silver,2022-02-07,102
921,Roadbike,611,2005,GN250,Black,2021-12-22,109
922,Moped,541,2017,CICLONE,Black,2021-12-19,104
923,Moped,585,2009,"MOTO NZ50",Black,2021-12-28,102
924,Moped,617,2018,ROMA,Black,2022-02-16,109
925,Roadbike,561,2018,EX,Black,2022-03-22,102
926,Roadbike,545,2006,SPORTSTER,Blue,2022-03-30,102
927,Moped,566,2016,LIKE,Red,2022-01-05,102
928,Moped,538,2018,ARIIC,Black,2021-10-30,114
929,Moped,617,2018,OTTO,Black,2021-12-06,115
930,Roadbike,636,2018,YZF,Blue,2022-01-02,102
931,Moped,541,2019,CICLONE,Black,2021-10-22,102
932,Roadbike,561,2019,EX,Black,2022-02-24,109
933,Moped,611,2019,UZ50,Blue,2021-11-21,103
934,Moped,617,2019,ROMA,Black,2021-10-08,109
935,Trailer,623,2003,TAMDEM,Yellow,2021-11-14,102
936,Roadbike,636,2015,YZF,Blue,2021-10-25,108
937,Moped,636,2015,YW50,Red,2021-10-12,102
938,Roadbike,550,2015,NBC,Red,2022-02-02,102
939,Roadbike,611,2015,GW250,Black,2022-03-11,102
940,Moped,611,2015,UZ50,White,2022-03-29,102
941,Roadbike,611,2006,GN250,Black,2021-11-05,109
942,Roadbike,629,1974,150,Blue,2022-03-27,102
943,Moped,617,2016,ROMA,Red,2022-01-01,102
944,Roadbike,565,2016,RC,Black,2021-11-30,102
945,Roadbike,554,2010,GT250,White,2022-02-18,106
946,Roadbike,512,2018,G310,Black,2022-01-13,102
947,Roadbike,636,2017,WR250,Blue,2022-03-21,111
948,Moped,541,2018,CICLONE,Red,2021-10-23,102
949,Roadbike,611,2019,GSX150,Red,2022-03-26,106
950,Moped,550,2015,TODAY,Blue,2022-02-12,102
951,Moped,611,2007,AZ50,Black,2021-12-16,102
952,Roadbike,536,2004,"620 DARK",Black,2021-11-28,102
953,Roadbike,561,2019,EX,Black,2021-12-05,104
954,Roadbike,561,2019,EX,Green,2021-12-09,102
955,Roadbike,545,2003,V-ROD,Silver,2021-10-16,102
956,Roadbike,505,2015,SR,Black,2022-02-28,102
957,Roadbike,561,2019,EX,Green,2021-11-22,102
958,Moped,541,2019,CICLONE,Black,2022-02-26,114
959,Moped,585,2016,PANTERA,Red,2021-10-08,102
960,Moped,538,2017,LINTEX,Blue,2022-03-11,114
961,Moped,636,2009,JOG,Black,2022-01-12,107
962,Moped,502,2009,SF50,Red,2021-11-22,104
963,Moped,550,2002,APE,White,2022-01-17,102
964,Roadbike,611,2017,DR200,Black,2022-02-28,104
965,Roadbike,512,2017,G310,Blue,2022-03-30,102
966,Moped,611,2007,LETS,Grey,2022-02-06,109
967,Moped,615,2017,TAPO,White,2022-04-04,102
968,Roadbike,611,2018,GN125H,Black,2022-01-29,114
969,Roadbike,550,2018,GLC,Black,2022-03-04,102
970,Roadbike,565,2006,SUPERDUKE,Orange,2022-03-24,102
971,Moped,617,2019,OTTO,Black,2022-03-28,102
972,Roadbike,561,2019,EX,Green,2022-03-30,102
973,Roadbike,553,2019,401,Silver,2022-02-10,109
974,Roadbike,625,2010,SPEEDMASTER,Black,2021-11-17,102
975,Roadbike,561,2014,ER,White,2022-03-20,102
976,Roadbike,545,2019,STREET,Black,2022-03-17,102
977,Moped,541,2019,CICLONE,Black,2022-02-08,102
978,Moped,538,2020,ARIIC,Red,2021-11-16,114
979,Roadbike,611,2013,GW250,Black,2021-10-29,102
980,Roadbike,505,2015,TUONO,Black,2022-02-05,109
981,Moped,538,2015,MOTUS,Black,2022-01-27,114
982,Moped,617,2016,ROMA,Black,2022-02-23,102
983,Roadbike,636,2016,YZF,Red,2021-10-22,102
984,Roadbike,565,2016,200,White,2021-11-02,114
985,Roadbike,545,2007,FXD,Black,2021-11-16,102
986,Roadbike,554,2008,GT,Black,2022-02-24,108
987,Moped,550,1989,DJ-1,Black,2022-01-04,104
988,Roadbike,636,2017,MT-07,Blue,2022-03-13,102
989,Roadbike,611,2018,GSX150,Blue,2021-12-24,114
990,Moped,617,2018,ROMA,Black,2021-11-23,102
991,Roadbike,611,2018,GSX150,Black,2022-02-27,102
992,Moped,585,2018,YIBEN,Red,2021-12-03,102
993,Moped,594,2013,ZIP,Red,2021-12-07,102
994,Moped,617,2019,ROMA,Black,2022-03-13,102
995,Roadbike,611,2019,GSX150,Black,2021-11-18,102
996,Moped,617,2019,OTTO,Black,2022-03-24,102
997,Roadbike,611,2019,GSX150,Black,2022-03-09,102
998,Trailer,514,2003,"8X4 TANDEM",Silver,2022-03-31,114
999,Moped,541,2015,CICLONE,Red,2021-10-29,102
1000,Moped,617,2015,ROMA,White,2022-02-19,102
